# ************************************************************
# Sequel Pro SQL dump
# Version 4541
#
# http://www.sequelpro.com/
# https://github.com/sequelpro/sequelpro
#
# Host: 127.0.0.1 (MySQL 5.7.32)
# Database: sporttest
# Generation Time: 2021-04-18 04:02:01 +0000
# ************************************************************


/*!40101 SET @OLD_CHARACTER_SET_CLIENT=@@CHARACTER_SET_CLIENT */;
/*!40101 SET @OLD_CHARACTER_SET_RESULTS=@@CHARACTER_SET_RESULTS */;
/*!40101 SET @OLD_COLLATION_CONNECTION=@@COLLATION_CONNECTION */;
/*!40101 SET NAMES utf8 */;
/*!40014 SET @OLD_FOREIGN_KEY_CHECKS=@@FOREIGN_KEY_CHECKS, FOREIGN_KEY_CHECKS=0 */;
/*!40101 SET @OLD_SQL_MODE=@@SQL_MODE, SQL_MODE='NO_AUTO_VALUE_ON_ZERO' */;
/*!40111 SET @OLD_SQL_NOTES=@@SQL_NOTES, SQL_NOTES=0 */;


# Dump of table ChangeSet
# ------------------------------------------------------------

DROP TABLE IF EXISTS `ChangeSet`;

CREATE TABLE `ChangeSet` (
  `ID` int(11) NOT NULL AUTO_INCREMENT,
  `ClassName` enum('SilverStripe\\Versioned\\ChangeSet') COLLATE utf8mb4_unicode_ci DEFAULT 'SilverStripe\\Versioned\\ChangeSet',
  `LastEdited` datetime DEFAULT NULL,
  `Created` datetime DEFAULT NULL,
  `Name` varchar(255) COLLATE utf8mb4_unicode_ci DEFAULT NULL,
  `State` enum('open','published','reverted') COLLATE utf8mb4_unicode_ci DEFAULT 'open',
  `IsInferred` tinyint(1) unsigned NOT NULL DEFAULT '0',
  `Description` mediumtext COLLATE utf8mb4_unicode_ci,
  `PublishDate` datetime DEFAULT NULL,
  `LastSynced` datetime DEFAULT NULL,
  `OwnerID` int(11) NOT NULL DEFAULT '0',
  `PublisherID` int(11) NOT NULL DEFAULT '0',
  PRIMARY KEY (`ID`),
  KEY `State` (`State`),
  KEY `ID` (`ID`),
  KEY `ClassName` (`ClassName`),
  KEY `OwnerID` (`OwnerID`),
  KEY `PublisherID` (`PublisherID`)
) ENGINE=InnoDB DEFAULT CHARSET=utf8mb4 COLLATE=utf8mb4_unicode_ci;

LOCK TABLES `ChangeSet` WRITE;
/*!40000 ALTER TABLE `ChangeSet` DISABLE KEYS */;

INSERT INTO `ChangeSet` (`ID`, `ClassName`, `LastEdited`, `Created`, `Name`, `State`, `IsInferred`, `Description`, `PublishDate`, `LastSynced`, `OwnerID`, `PublisherID`)
VALUES
	(1,'SilverStripe\\Versioned\\ChangeSet','2021-04-18 03:30:10','2021-04-18 03:30:10','Generated by publish of \'#1\' at Apr 18, 2021, 3:30 AM','published',1,NULL,'2021-04-18 03:30:10','2021-04-18 03:30:10',0,1),
	(2,'SilverStripe\\Versioned\\ChangeSet','2021-04-18 03:30:31','2021-04-18 03:30:31','Generated by publish of \'#2\' at Apr 18, 2021, 3:30 AM','published',1,NULL,'2021-04-18 03:30:31','2021-04-18 03:30:31',0,1),
	(3,'SilverStripe\\Versioned\\ChangeSet','2021-04-18 03:30:56','2021-04-18 03:30:56','Generated by publish of \'#3\' at Apr 18, 2021, 3:30 AM','published',1,NULL,'2021-04-18 03:30:56','2021-04-18 03:30:56',0,1),
	(4,'SilverStripe\\Versioned\\ChangeSet','2021-04-18 03:32:29','2021-04-18 03:32:29','Generated by publish of \'Black Caps\' at Apr 18, 2021, 3:32 AM','published',1,NULL,'2021-04-18 03:32:29','2021-04-18 03:32:29',0,1),
	(5,'SilverStripe\\Versioned\\ChangeSet','2021-04-18 03:32:34','2021-04-18 03:32:34','Generated by publish of \'Black Caps\' at Apr 18, 2021, 3:32 AM','published',1,NULL,'2021-04-18 03:32:34','2021-04-18 03:32:34',0,1),
	(6,'SilverStripe\\Versioned\\ChangeSet','2021-04-18 03:33:28','2021-04-18 03:33:28','Generated by publish of \'Auckland Blues\' at Apr 18, 2021, 3:33 AM','published',1,NULL,'2021-04-18 03:33:28','2021-04-18 03:33:28',0,1),
	(7,'SilverStripe\\Versioned\\ChangeSet','2021-04-18 03:33:56','2021-04-18 03:33:56','Generated by publish of \'All Blacks\' at Apr 18, 2021, 3:33 AM','published',1,NULL,'2021-04-18 03:33:56','2021-04-18 03:33:56',0,1),
	(8,'SilverStripe\\Versioned\\ChangeSet','2021-04-18 03:34:24','2021-04-18 03:34:24','Generated by publish of \'Wellington Hurricanes\' at Apr 18, 2021, 3:34 AM','published',1,NULL,'2021-04-18 03:34:24','2021-04-18 03:34:24',0,1),
	(9,'SilverStripe\\Versioned\\ChangeSet','2021-04-18 03:35:22','2021-04-18 03:35:22','Generated by publish of \'Martin Crowe\' at Apr 18, 2021, 3:35 AM','published',1,NULL,'2021-04-18 03:35:22','2021-04-18 03:35:22',0,1),
	(10,'SilverStripe\\Versioned\\ChangeSet','2021-04-18 03:35:47','2021-04-18 03:35:47','Generated by publish of \'Jeff Wilson\' at Apr 18, 2021, 3:35 AM','published',1,NULL,'2021-04-18 03:35:47','2021-04-18 03:35:47',0,1),
	(11,'SilverStripe\\Versioned\\ChangeSet','2021-04-18 03:36:32','2021-04-18 03:36:32','Generated by publish of \'Home\' at Apr 18, 2021, 3:36 AM','published',1,NULL,'2021-04-18 03:36:32','2021-04-18 03:36:32',0,1),
	(12,'SilverStripe\\Versioned\\ChangeSet','2021-04-18 03:36:53','2021-04-18 03:36:53','Generated by publish of \'Home\' at Apr 18, 2021, 3:36 AM','published',1,NULL,'2021-04-18 03:36:53','2021-04-18 03:36:53',0,1),
	(13,'SilverStripe\\Versioned\\ChangeSet','2021-04-18 03:57:25','2021-04-18 03:57:25','Generated by publish of \'Frank Bunce\' at Apr 18, 2021, 3:57 AM','published',1,NULL,'2021-04-18 03:57:25','2021-04-18 03:57:25',0,1);

/*!40000 ALTER TABLE `ChangeSet` ENABLE KEYS */;
UNLOCK TABLES;


# Dump of table ChangeSetItem
# ------------------------------------------------------------

DROP TABLE IF EXISTS `ChangeSetItem`;

CREATE TABLE `ChangeSetItem` (
  `ID` int(11) NOT NULL AUTO_INCREMENT,
  `ClassName` enum('SilverStripe\\Versioned\\ChangeSetItem') COLLATE utf8mb4_unicode_ci DEFAULT 'SilverStripe\\Versioned\\ChangeSetItem',
  `LastEdited` datetime DEFAULT NULL,
  `Created` datetime DEFAULT NULL,
  `VersionBefore` int(11) NOT NULL DEFAULT '0',
  `VersionAfter` int(11) NOT NULL DEFAULT '0',
  `Added` enum('explicitly','implicitly') COLLATE utf8mb4_unicode_ci DEFAULT 'implicitly',
  `ChangeSetID` int(11) NOT NULL DEFAULT '0',
  `ObjectID` int(11) NOT NULL DEFAULT '0',
  `ObjectClass` enum('SilverStripe\\SportTest\\Sportsman','SilverStripe\\SportTest\\Team','SilverStripe\\SportTest\\TeamColour','SilverStripe\\Assets\\File','SilverStripe\\SiteConfig\\SiteConfig','SilverStripe\\Versioned\\ChangeSet','SilverStripe\\Versioned\\ChangeSetItem','SilverStripe\\Assets\\Shortcodes\\FileLink','SilverStripe\\CMS\\Model\\SiteTree','SilverStripe\\CMS\\Model\\SiteTreeLink','SilverStripe\\Security\\Group','SilverStripe\\Security\\LoginAttempt','SilverStripe\\Security\\Member','SilverStripe\\Security\\MemberPassword','SilverStripe\\Security\\Permission','SilverStripe\\Security\\PermissionRole','SilverStripe\\Security\\PermissionRoleCode','SilverStripe\\Security\\RememberLoginHash','SilverStripe\\SportTest\\CricketTeam','SilverStripe\\SportTest\\RugbyTeam','SilverStripe\\Assets\\Folder','SilverStripe\\Assets\\Image','Page','SilverStripe\\SportTest\\HomePage','SilverStripe\\ErrorPage\\ErrorPage','SilverStripe\\CMS\\Model\\RedirectorPage','SilverStripe\\CMS\\Model\\VirtualPage') COLLATE utf8mb4_unicode_ci DEFAULT 'SilverStripe\\SportTest\\Sportsman',
  PRIMARY KEY (`ID`),
  UNIQUE KEY `ObjectUniquePerChangeSet` (`ObjectID`,`ObjectClass`,`ChangeSetID`),
  KEY `ClassName` (`ClassName`),
  KEY `ChangeSetID` (`ChangeSetID`),
  KEY `Object` (`ObjectID`,`ObjectClass`)
) ENGINE=InnoDB DEFAULT CHARSET=utf8mb4 COLLATE=utf8mb4_unicode_ci;

LOCK TABLES `ChangeSetItem` WRITE;
/*!40000 ALTER TABLE `ChangeSetItem` DISABLE KEYS */;

INSERT INTO `ChangeSetItem` (`ID`, `ClassName`, `LastEdited`, `Created`, `VersionBefore`, `VersionAfter`, `Added`, `ChangeSetID`, `ObjectID`, `ObjectClass`)
VALUES
	(1,'SilverStripe\\Versioned\\ChangeSetItem','2021-04-18 03:30:10','2021-04-18 03:30:10',0,0,'explicitly',1,1,'SilverStripe\\SportTest\\TeamColour'),
	(2,'SilverStripe\\Versioned\\ChangeSetItem','2021-04-18 03:30:31','2021-04-18 03:30:31',0,0,'explicitly',2,2,'SilverStripe\\SportTest\\TeamColour'),
	(3,'SilverStripe\\Versioned\\ChangeSetItem','2021-04-18 03:30:56','2021-04-18 03:30:56',0,0,'explicitly',3,3,'SilverStripe\\SportTest\\TeamColour'),
	(4,'SilverStripe\\Versioned\\ChangeSetItem','2021-04-18 03:32:29','2021-04-18 03:32:29',0,0,'explicitly',4,1,'SilverStripe\\SportTest\\Team'),
	(5,'SilverStripe\\Versioned\\ChangeSetItem','2021-04-18 03:32:29','2021-04-18 03:32:29',0,2,'implicitly',4,2,'SilverStripe\\Assets\\File'),
	(6,'SilverStripe\\Versioned\\ChangeSetItem','2021-04-18 03:32:34','2021-04-18 03:32:34',0,0,'explicitly',5,1,'SilverStripe\\SportTest\\Team'),
	(7,'SilverStripe\\Versioned\\ChangeSetItem','2021-04-18 03:32:34','2021-04-18 03:32:34',2,2,'implicitly',5,2,'SilverStripe\\Assets\\File'),
	(8,'SilverStripe\\Versioned\\ChangeSetItem','2021-04-18 03:33:28','2021-04-18 03:33:28',0,0,'explicitly',6,2,'SilverStripe\\SportTest\\Team'),
	(9,'SilverStripe\\Versioned\\ChangeSetItem','2021-04-18 03:33:56','2021-04-18 03:33:56',0,0,'explicitly',7,3,'SilverStripe\\SportTest\\Team'),
	(10,'SilverStripe\\Versioned\\ChangeSetItem','2021-04-18 03:34:24','2021-04-18 03:34:24',0,0,'explicitly',8,4,'SilverStripe\\SportTest\\Team'),
	(11,'SilverStripe\\Versioned\\ChangeSetItem','2021-04-18 03:35:22','2021-04-18 03:35:22',0,0,'explicitly',9,1,'SilverStripe\\SportTest\\Sportsman'),
	(12,'SilverStripe\\Versioned\\ChangeSetItem','2021-04-18 03:35:47','2021-04-18 03:35:47',0,0,'explicitly',10,2,'SilverStripe\\SportTest\\Sportsman'),
	(13,'SilverStripe\\Versioned\\ChangeSetItem','2021-04-18 03:36:32','2021-04-18 03:36:32',2,4,'explicitly',11,1,'SilverStripe\\CMS\\Model\\SiteTree'),
	(14,'SilverStripe\\Versioned\\ChangeSetItem','2021-04-18 03:36:53','2021-04-18 03:36:53',4,6,'explicitly',12,1,'SilverStripe\\CMS\\Model\\SiteTree'),
	(15,'SilverStripe\\Versioned\\ChangeSetItem','2021-04-18 03:57:25','2021-04-18 03:57:25',0,0,'explicitly',13,3,'SilverStripe\\SportTest\\Sportsman');

/*!40000 ALTER TABLE `ChangeSetItem` ENABLE KEYS */;
UNLOCK TABLES;


# Dump of table ChangeSetItem_ReferencedBy
# ------------------------------------------------------------

DROP TABLE IF EXISTS `ChangeSetItem_ReferencedBy`;

CREATE TABLE `ChangeSetItem_ReferencedBy` (
  `ID` int(11) NOT NULL AUTO_INCREMENT,
  `ChangeSetItemID` int(11) NOT NULL DEFAULT '0',
  `ChildID` int(11) NOT NULL DEFAULT '0',
  PRIMARY KEY (`ID`),
  KEY `ChangeSetItemID` (`ChangeSetItemID`),
  KEY `ChildID` (`ChildID`)
) ENGINE=InnoDB DEFAULT CHARSET=utf8mb4 COLLATE=utf8mb4_unicode_ci;

LOCK TABLES `ChangeSetItem_ReferencedBy` WRITE;
/*!40000 ALTER TABLE `ChangeSetItem_ReferencedBy` DISABLE KEYS */;

INSERT INTO `ChangeSetItem_ReferencedBy` (`ID`, `ChangeSetItemID`, `ChildID`)
VALUES
	(1,5,4),
	(2,7,6);

/*!40000 ALTER TABLE `ChangeSetItem_ReferencedBy` ENABLE KEYS */;
UNLOCK TABLES;


# Dump of table CricketTeam
# ------------------------------------------------------------

DROP TABLE IF EXISTS `CricketTeam`;

CREATE TABLE `CricketTeam` (
  `ID` int(11) NOT NULL AUTO_INCREMENT,
  `LogoID` int(11) NOT NULL DEFAULT '0',
  PRIMARY KEY (`ID`),
  KEY `LogoID` (`LogoID`)
) ENGINE=InnoDB DEFAULT CHARSET=utf8mb4 COLLATE=utf8mb4_unicode_ci;

LOCK TABLES `CricketTeam` WRITE;
/*!40000 ALTER TABLE `CricketTeam` DISABLE KEYS */;

INSERT INTO `CricketTeam` (`ID`, `LogoID`)
VALUES
	(1,2);

/*!40000 ALTER TABLE `CricketTeam` ENABLE KEYS */;
UNLOCK TABLES;


# Dump of table ErrorPage
# ------------------------------------------------------------

DROP TABLE IF EXISTS `ErrorPage`;

CREATE TABLE `ErrorPage` (
  `ID` int(11) NOT NULL AUTO_INCREMENT,
  `ErrorCode` int(11) NOT NULL DEFAULT '0',
  PRIMARY KEY (`ID`)
) ENGINE=InnoDB DEFAULT CHARSET=utf8mb4 COLLATE=utf8mb4_unicode_ci;

LOCK TABLES `ErrorPage` WRITE;
/*!40000 ALTER TABLE `ErrorPage` DISABLE KEYS */;

INSERT INTO `ErrorPage` (`ID`, `ErrorCode`)
VALUES
	(4,404),
	(5,500);

/*!40000 ALTER TABLE `ErrorPage` ENABLE KEYS */;
UNLOCK TABLES;


# Dump of table ErrorPage_Live
# ------------------------------------------------------------

DROP TABLE IF EXISTS `ErrorPage_Live`;

CREATE TABLE `ErrorPage_Live` (
  `ID` int(11) NOT NULL AUTO_INCREMENT,
  `ErrorCode` int(11) NOT NULL DEFAULT '0',
  PRIMARY KEY (`ID`)
) ENGINE=InnoDB DEFAULT CHARSET=utf8mb4 COLLATE=utf8mb4_unicode_ci;

LOCK TABLES `ErrorPage_Live` WRITE;
/*!40000 ALTER TABLE `ErrorPage_Live` DISABLE KEYS */;

INSERT INTO `ErrorPage_Live` (`ID`, `ErrorCode`)
VALUES
	(4,404),
	(5,500);

/*!40000 ALTER TABLE `ErrorPage_Live` ENABLE KEYS */;
UNLOCK TABLES;


# Dump of table ErrorPage_Versions
# ------------------------------------------------------------

DROP TABLE IF EXISTS `ErrorPage_Versions`;

CREATE TABLE `ErrorPage_Versions` (
  `ID` int(11) NOT NULL AUTO_INCREMENT,
  `RecordID` int(11) NOT NULL DEFAULT '0',
  `Version` int(11) NOT NULL DEFAULT '0',
  `ErrorCode` int(11) NOT NULL DEFAULT '0',
  PRIMARY KEY (`ID`),
  UNIQUE KEY `RecordID_Version` (`RecordID`,`Version`),
  KEY `RecordID` (`RecordID`),
  KEY `Version` (`Version`)
) ENGINE=InnoDB DEFAULT CHARSET=utf8mb4 COLLATE=utf8mb4_unicode_ci;

LOCK TABLES `ErrorPage_Versions` WRITE;
/*!40000 ALTER TABLE `ErrorPage_Versions` DISABLE KEYS */;

INSERT INTO `ErrorPage_Versions` (`ID`, `RecordID`, `Version`, `ErrorCode`)
VALUES
	(1,4,1,404),
	(2,4,2,404),
	(3,5,1,500),
	(4,5,2,500);

/*!40000 ALTER TABLE `ErrorPage_Versions` ENABLE KEYS */;
UNLOCK TABLES;


# Dump of table File
# ------------------------------------------------------------

DROP TABLE IF EXISTS `File`;

CREATE TABLE `File` (
  `ID` int(11) NOT NULL AUTO_INCREMENT,
  `ClassName` enum('SilverStripe\\Assets\\File','SilverStripe\\Assets\\Folder','SilverStripe\\Assets\\Image') COLLATE utf8mb4_unicode_ci DEFAULT 'SilverStripe\\Assets\\File',
  `LastEdited` datetime DEFAULT NULL,
  `Created` datetime DEFAULT NULL,
  `Version` int(11) NOT NULL DEFAULT '0',
  `CanViewType` enum('Anyone','LoggedInUsers','OnlyTheseUsers','Inherit') COLLATE utf8mb4_unicode_ci DEFAULT 'Inherit',
  `CanEditType` enum('LoggedInUsers','OnlyTheseUsers','Inherit') COLLATE utf8mb4_unicode_ci DEFAULT 'Inherit',
  `Name` varchar(255) COLLATE utf8mb4_unicode_ci DEFAULT NULL,
  `Title` varchar(255) COLLATE utf8mb4_unicode_ci DEFAULT NULL,
  `ShowInSearch` tinyint(1) unsigned NOT NULL DEFAULT '1',
  `ParentID` int(11) NOT NULL DEFAULT '0',
  `OwnerID` int(11) NOT NULL DEFAULT '0',
  `FileHash` varchar(255) COLLATE utf8mb4_unicode_ci DEFAULT NULL,
  `FileFilename` varchar(255) COLLATE utf8mb4_unicode_ci DEFAULT NULL,
  `FileVariant` varchar(255) COLLATE utf8mb4_unicode_ci DEFAULT NULL,
  PRIMARY KEY (`ID`),
  KEY `Name` (`Name`),
  KEY `ClassName` (`ClassName`),
  KEY `ParentID` (`ParentID`),
  KEY `OwnerID` (`OwnerID`),
  KEY `FileHash` (`FileHash`)
) ENGINE=InnoDB DEFAULT CHARSET=utf8mb4 COLLATE=utf8mb4_unicode_ci;

LOCK TABLES `File` WRITE;
/*!40000 ALTER TABLE `File` DISABLE KEYS */;

INSERT INTO `File` (`ID`, `ClassName`, `LastEdited`, `Created`, `Version`, `CanViewType`, `CanEditType`, `Name`, `Title`, `ShowInSearch`, `ParentID`, `OwnerID`, `FileHash`, `FileFilename`, `FileVariant`)
VALUES
	(1,'SilverStripe\\Assets\\Folder','2021-04-18 03:31:22','2021-04-18 03:31:22',2,'Inherit','Inherit','cricket-logos','cricket-logos',1,0,1,NULL,NULL,NULL),
	(2,'SilverStripe\\Assets\\Image','2021-04-18 03:32:29','2021-04-18 03:32:27',2,'Inherit','Inherit','220px-BlackCapsResized.png','220px BlackCapsResized',1,1,1,'c4be79989e8817671a822848c2d8f312884eba2b','cricket-logos/220px-BlackCapsResized.png',NULL);

/*!40000 ALTER TABLE `File` ENABLE KEYS */;
UNLOCK TABLES;


# Dump of table File_EditorGroups
# ------------------------------------------------------------

DROP TABLE IF EXISTS `File_EditorGroups`;

CREATE TABLE `File_EditorGroups` (
  `ID` int(11) NOT NULL AUTO_INCREMENT,
  `FileID` int(11) NOT NULL DEFAULT '0',
  `GroupID` int(11) NOT NULL DEFAULT '0',
  PRIMARY KEY (`ID`),
  KEY `FileID` (`FileID`),
  KEY `GroupID` (`GroupID`)
) ENGINE=InnoDB DEFAULT CHARSET=utf8mb4 COLLATE=utf8mb4_unicode_ci;



# Dump of table File_Live
# ------------------------------------------------------------

DROP TABLE IF EXISTS `File_Live`;

CREATE TABLE `File_Live` (
  `ID` int(11) NOT NULL AUTO_INCREMENT,
  `ClassName` enum('SilverStripe\\Assets\\File','SilverStripe\\Assets\\Folder','SilverStripe\\Assets\\Image') COLLATE utf8mb4_unicode_ci DEFAULT 'SilverStripe\\Assets\\File',
  `LastEdited` datetime DEFAULT NULL,
  `Created` datetime DEFAULT NULL,
  `Version` int(11) NOT NULL DEFAULT '0',
  `CanViewType` enum('Anyone','LoggedInUsers','OnlyTheseUsers','Inherit') COLLATE utf8mb4_unicode_ci DEFAULT 'Inherit',
  `CanEditType` enum('LoggedInUsers','OnlyTheseUsers','Inherit') COLLATE utf8mb4_unicode_ci DEFAULT 'Inherit',
  `Name` varchar(255) COLLATE utf8mb4_unicode_ci DEFAULT NULL,
  `Title` varchar(255) COLLATE utf8mb4_unicode_ci DEFAULT NULL,
  `ShowInSearch` tinyint(1) unsigned NOT NULL DEFAULT '1',
  `ParentID` int(11) NOT NULL DEFAULT '0',
  `OwnerID` int(11) NOT NULL DEFAULT '0',
  `FileHash` varchar(255) COLLATE utf8mb4_unicode_ci DEFAULT NULL,
  `FileFilename` varchar(255) COLLATE utf8mb4_unicode_ci DEFAULT NULL,
  `FileVariant` varchar(255) COLLATE utf8mb4_unicode_ci DEFAULT NULL,
  PRIMARY KEY (`ID`),
  KEY `Name` (`Name`),
  KEY `ClassName` (`ClassName`),
  KEY `ParentID` (`ParentID`),
  KEY `OwnerID` (`OwnerID`),
  KEY `FileHash` (`FileHash`)
) ENGINE=InnoDB DEFAULT CHARSET=utf8mb4 COLLATE=utf8mb4_unicode_ci;

LOCK TABLES `File_Live` WRITE;
/*!40000 ALTER TABLE `File_Live` DISABLE KEYS */;

INSERT INTO `File_Live` (`ID`, `ClassName`, `LastEdited`, `Created`, `Version`, `CanViewType`, `CanEditType`, `Name`, `Title`, `ShowInSearch`, `ParentID`, `OwnerID`, `FileHash`, `FileFilename`, `FileVariant`)
VALUES
	(1,'SilverStripe\\Assets\\Folder','2021-04-18 03:31:22','2021-04-18 03:31:22',2,'Inherit','Inherit','cricket-logos','cricket-logos',1,0,1,NULL,NULL,NULL),
	(2,'SilverStripe\\Assets\\Image','2021-04-18 03:32:29','2021-04-18 03:32:27',2,'Inherit','Inherit','220px-BlackCapsResized.png','220px BlackCapsResized',1,1,1,'c4be79989e8817671a822848c2d8f312884eba2b','cricket-logos/220px-BlackCapsResized.png',NULL);

/*!40000 ALTER TABLE `File_Live` ENABLE KEYS */;
UNLOCK TABLES;


# Dump of table File_Versions
# ------------------------------------------------------------

DROP TABLE IF EXISTS `File_Versions`;

CREATE TABLE `File_Versions` (
  `ID` int(11) NOT NULL AUTO_INCREMENT,
  `RecordID` int(11) NOT NULL DEFAULT '0',
  `Version` int(11) NOT NULL DEFAULT '0',
  `WasPublished` tinyint(1) unsigned NOT NULL DEFAULT '0',
  `WasDeleted` tinyint(1) unsigned NOT NULL DEFAULT '0',
  `WasDraft` tinyint(1) unsigned NOT NULL DEFAULT '1',
  `AuthorID` int(11) NOT NULL DEFAULT '0',
  `PublisherID` int(11) NOT NULL DEFAULT '0',
  `ClassName` enum('SilverStripe\\Assets\\File','SilverStripe\\Assets\\Folder','SilverStripe\\Assets\\Image') COLLATE utf8mb4_unicode_ci DEFAULT 'SilverStripe\\Assets\\File',
  `LastEdited` datetime DEFAULT NULL,
  `Created` datetime DEFAULT NULL,
  `CanViewType` enum('Anyone','LoggedInUsers','OnlyTheseUsers','Inherit') COLLATE utf8mb4_unicode_ci DEFAULT 'Inherit',
  `CanEditType` enum('LoggedInUsers','OnlyTheseUsers','Inherit') COLLATE utf8mb4_unicode_ci DEFAULT 'Inherit',
  `Name` varchar(255) COLLATE utf8mb4_unicode_ci DEFAULT NULL,
  `Title` varchar(255) COLLATE utf8mb4_unicode_ci DEFAULT NULL,
  `ShowInSearch` tinyint(1) unsigned NOT NULL DEFAULT '1',
  `ParentID` int(11) NOT NULL DEFAULT '0',
  `OwnerID` int(11) NOT NULL DEFAULT '0',
  `FileHash` varchar(255) COLLATE utf8mb4_unicode_ci DEFAULT NULL,
  `FileFilename` varchar(255) COLLATE utf8mb4_unicode_ci DEFAULT NULL,
  `FileVariant` varchar(255) COLLATE utf8mb4_unicode_ci DEFAULT NULL,
  PRIMARY KEY (`ID`),
  KEY `RecordID_Version` (`RecordID`,`Version`),
  KEY `RecordID` (`RecordID`),
  KEY `Version` (`Version`),
  KEY `AuthorID` (`AuthorID`),
  KEY `PublisherID` (`PublisherID`),
  KEY `Name` (`Name`),
  KEY `ClassName` (`ClassName`),
  KEY `ParentID` (`ParentID`),
  KEY `OwnerID` (`OwnerID`),
  KEY `FileHash` (`FileHash`)
) ENGINE=InnoDB DEFAULT CHARSET=utf8mb4 COLLATE=utf8mb4_unicode_ci;

LOCK TABLES `File_Versions` WRITE;
/*!40000 ALTER TABLE `File_Versions` DISABLE KEYS */;

INSERT INTO `File_Versions` (`ID`, `RecordID`, `Version`, `WasPublished`, `WasDeleted`, `WasDraft`, `AuthorID`, `PublisherID`, `ClassName`, `LastEdited`, `Created`, `CanViewType`, `CanEditType`, `Name`, `Title`, `ShowInSearch`, `ParentID`, `OwnerID`, `FileHash`, `FileFilename`, `FileVariant`)
VALUES
	(1,1,1,0,0,1,1,0,'SilverStripe\\Assets\\Folder','2021-04-18 03:31:22','2021-04-18 03:31:22','Inherit','Inherit','cricket-logos','cricket-logos',1,0,1,NULL,NULL,NULL),
	(2,1,2,1,0,1,1,1,'SilverStripe\\Assets\\Folder','2021-04-18 03:31:22','2021-04-18 03:31:22','Inherit','Inherit','cricket-logos','cricket-logos',1,0,1,NULL,NULL,NULL),
	(3,2,1,0,0,1,1,0,'SilverStripe\\Assets\\Image','2021-04-18 03:32:27','2021-04-18 03:32:27','Inherit','Inherit','220px-BlackCapsResized.png','220px BlackCapsResized',1,1,1,'c4be79989e8817671a822848c2d8f312884eba2b','cricket-logos/220px-BlackCapsResized.png',NULL),
	(4,2,2,1,0,1,1,1,'SilverStripe\\Assets\\Image','2021-04-18 03:32:29','2021-04-18 03:32:27','Inherit','Inherit','220px-BlackCapsResized.png','220px BlackCapsResized',1,1,1,'c4be79989e8817671a822848c2d8f312884eba2b','cricket-logos/220px-BlackCapsResized.png',NULL);

/*!40000 ALTER TABLE `File_Versions` ENABLE KEYS */;
UNLOCK TABLES;


# Dump of table File_ViewerGroups
# ------------------------------------------------------------

DROP TABLE IF EXISTS `File_ViewerGroups`;

CREATE TABLE `File_ViewerGroups` (
  `ID` int(11) NOT NULL AUTO_INCREMENT,
  `FileID` int(11) NOT NULL DEFAULT '0',
  `GroupID` int(11) NOT NULL DEFAULT '0',
  PRIMARY KEY (`ID`),
  KEY `FileID` (`FileID`),
  KEY `GroupID` (`GroupID`)
) ENGINE=InnoDB DEFAULT CHARSET=utf8mb4 COLLATE=utf8mb4_unicode_ci;



# Dump of table FileLink
# ------------------------------------------------------------

DROP TABLE IF EXISTS `FileLink`;

CREATE TABLE `FileLink` (
  `ID` int(11) NOT NULL AUTO_INCREMENT,
  `ClassName` enum('SilverStripe\\Assets\\Shortcodes\\FileLink') COLLATE utf8mb4_unicode_ci DEFAULT 'SilverStripe\\Assets\\Shortcodes\\FileLink',
  `LastEdited` datetime DEFAULT NULL,
  `Created` datetime DEFAULT NULL,
  `LinkedID` int(11) NOT NULL DEFAULT '0',
  `ParentID` int(11) NOT NULL DEFAULT '0',
  `ParentClass` enum('SilverStripe\\SportTest\\Sportsman','SilverStripe\\SportTest\\Team','SilverStripe\\SportTest\\TeamColour','SilverStripe\\Assets\\File','SilverStripe\\SiteConfig\\SiteConfig','SilverStripe\\Versioned\\ChangeSet','SilverStripe\\Versioned\\ChangeSetItem','SilverStripe\\Assets\\Shortcodes\\FileLink','SilverStripe\\CMS\\Model\\SiteTree','SilverStripe\\CMS\\Model\\SiteTreeLink','SilverStripe\\Security\\Group','SilverStripe\\Security\\LoginAttempt','SilverStripe\\Security\\Member','SilverStripe\\Security\\MemberPassword','SilverStripe\\Security\\Permission','SilverStripe\\Security\\PermissionRole','SilverStripe\\Security\\PermissionRoleCode','SilverStripe\\Security\\RememberLoginHash','SilverStripe\\SportTest\\CricketTeam','SilverStripe\\SportTest\\RugbyTeam','SilverStripe\\Assets\\Folder','SilverStripe\\Assets\\Image','Page','SilverStripe\\SportTest\\HomePage','SilverStripe\\ErrorPage\\ErrorPage','SilverStripe\\CMS\\Model\\RedirectorPage','SilverStripe\\CMS\\Model\\VirtualPage') COLLATE utf8mb4_unicode_ci DEFAULT 'SilverStripe\\SportTest\\Sportsman',
  PRIMARY KEY (`ID`),
  KEY `ClassName` (`ClassName`),
  KEY `LinkedID` (`LinkedID`),
  KEY `Parent` (`ParentID`,`ParentClass`)
) ENGINE=InnoDB DEFAULT CHARSET=utf8mb4 COLLATE=utf8mb4_unicode_ci;



# Dump of table Group
# ------------------------------------------------------------

DROP TABLE IF EXISTS `Group`;

CREATE TABLE `Group` (
  `ID` int(11) NOT NULL AUTO_INCREMENT,
  `ClassName` enum('SilverStripe\\Security\\Group') COLLATE utf8mb4_unicode_ci DEFAULT 'SilverStripe\\Security\\Group',
  `LastEdited` datetime DEFAULT NULL,
  `Created` datetime DEFAULT NULL,
  `Title` varchar(255) COLLATE utf8mb4_unicode_ci DEFAULT NULL,
  `Description` mediumtext COLLATE utf8mb4_unicode_ci,
  `Code` varchar(255) COLLATE utf8mb4_unicode_ci DEFAULT NULL,
  `Locked` tinyint(1) unsigned NOT NULL DEFAULT '0',
  `Sort` int(11) NOT NULL DEFAULT '0',
  `HtmlEditorConfig` mediumtext COLLATE utf8mb4_unicode_ci,
  `ParentID` int(11) NOT NULL DEFAULT '0',
  PRIMARY KEY (`ID`),
  KEY `ClassName` (`ClassName`),
  KEY `ParentID` (`ParentID`)
) ENGINE=InnoDB DEFAULT CHARSET=utf8mb4 COLLATE=utf8mb4_unicode_ci;

LOCK TABLES `Group` WRITE;
/*!40000 ALTER TABLE `Group` DISABLE KEYS */;

INSERT INTO `Group` (`ID`, `ClassName`, `LastEdited`, `Created`, `Title`, `Description`, `Code`, `Locked`, `Sort`, `HtmlEditorConfig`, `ParentID`)
VALUES
	(1,'SilverStripe\\Security\\Group','2021-04-18 03:29:23','2021-04-18 03:29:23','Content Authors',NULL,'content-authors',0,1,NULL,0),
	(2,'SilverStripe\\Security\\Group','2021-04-18 03:29:23','2021-04-18 03:29:23','Administrators',NULL,'administrators',0,0,NULL,0);

/*!40000 ALTER TABLE `Group` ENABLE KEYS */;
UNLOCK TABLES;


# Dump of table Group_Members
# ------------------------------------------------------------

DROP TABLE IF EXISTS `Group_Members`;

CREATE TABLE `Group_Members` (
  `ID` int(11) NOT NULL AUTO_INCREMENT,
  `GroupID` int(11) NOT NULL DEFAULT '0',
  `MemberID` int(11) NOT NULL DEFAULT '0',
  PRIMARY KEY (`ID`),
  KEY `GroupID` (`GroupID`),
  KEY `MemberID` (`MemberID`)
) ENGINE=InnoDB DEFAULT CHARSET=utf8mb4 COLLATE=utf8mb4_unicode_ci;

LOCK TABLES `Group_Members` WRITE;
/*!40000 ALTER TABLE `Group_Members` DISABLE KEYS */;

INSERT INTO `Group_Members` (`ID`, `GroupID`, `MemberID`)
VALUES
	(1,2,1);

/*!40000 ALTER TABLE `Group_Members` ENABLE KEYS */;
UNLOCK TABLES;


# Dump of table Group_Roles
# ------------------------------------------------------------

DROP TABLE IF EXISTS `Group_Roles`;

CREATE TABLE `Group_Roles` (
  `ID` int(11) NOT NULL AUTO_INCREMENT,
  `GroupID` int(11) NOT NULL DEFAULT '0',
  `PermissionRoleID` int(11) NOT NULL DEFAULT '0',
  PRIMARY KEY (`ID`),
  KEY `GroupID` (`GroupID`),
  KEY `PermissionRoleID` (`PermissionRoleID`)
) ENGINE=InnoDB DEFAULT CHARSET=utf8mb4 COLLATE=utf8mb4_unicode_ci;



# Dump of table LoginAttempt
# ------------------------------------------------------------

DROP TABLE IF EXISTS `LoginAttempt`;

CREATE TABLE `LoginAttempt` (
  `ID` int(11) NOT NULL AUTO_INCREMENT,
  `ClassName` enum('SilverStripe\\Security\\LoginAttempt') COLLATE utf8mb4_unicode_ci DEFAULT 'SilverStripe\\Security\\LoginAttempt',
  `LastEdited` datetime DEFAULT NULL,
  `Created` datetime DEFAULT NULL,
  `Email` varchar(255) COLLATE utf8mb4_unicode_ci DEFAULT NULL,
  `EmailHashed` varchar(255) COLLATE utf8mb4_unicode_ci DEFAULT NULL,
  `Status` enum('Success','Failure') COLLATE utf8mb4_unicode_ci DEFAULT 'Success',
  `IP` varchar(255) COLLATE utf8mb4_unicode_ci DEFAULT NULL,
  `MemberID` int(11) NOT NULL DEFAULT '0',
  PRIMARY KEY (`ID`),
  KEY `ClassName` (`ClassName`),
  KEY `MemberID` (`MemberID`),
  KEY `EmailHashed` (`EmailHashed`)
) ENGINE=InnoDB DEFAULT CHARSET=utf8mb4 COLLATE=utf8mb4_unicode_ci;



# Dump of table Member
# ------------------------------------------------------------

DROP TABLE IF EXISTS `Member`;

CREATE TABLE `Member` (
  `ID` int(11) NOT NULL AUTO_INCREMENT,
  `ClassName` enum('SilverStripe\\Security\\Member') COLLATE utf8mb4_unicode_ci DEFAULT 'SilverStripe\\Security\\Member',
  `LastEdited` datetime DEFAULT NULL,
  `Created` datetime DEFAULT NULL,
  `FirstName` varchar(255) COLLATE utf8mb4_unicode_ci DEFAULT NULL,
  `Surname` varchar(255) COLLATE utf8mb4_unicode_ci DEFAULT NULL,
  `Email` varchar(254) COLLATE utf8mb4_unicode_ci DEFAULT NULL,
  `TempIDHash` varchar(160) COLLATE utf8mb4_unicode_ci DEFAULT NULL,
  `TempIDExpired` datetime DEFAULT NULL,
  `Password` varchar(160) COLLATE utf8mb4_unicode_ci DEFAULT NULL,
  `AutoLoginHash` varchar(160) COLLATE utf8mb4_unicode_ci DEFAULT NULL,
  `AutoLoginExpired` datetime DEFAULT NULL,
  `PasswordEncryption` varchar(50) COLLATE utf8mb4_unicode_ci DEFAULT NULL,
  `Salt` varchar(50) COLLATE utf8mb4_unicode_ci DEFAULT NULL,
  `PasswordExpiry` date DEFAULT NULL,
  `LockedOutUntil` datetime DEFAULT NULL,
  `Locale` varchar(6) COLLATE utf8mb4_unicode_ci DEFAULT NULL,
  `FailedLoginCount` int(11) NOT NULL DEFAULT '0',
  PRIMARY KEY (`ID`),
  KEY `Surname` (`Surname`),
  KEY `FirstName` (`FirstName`),
  KEY `ClassName` (`ClassName`),
  KEY `Email` (`Email`)
) ENGINE=InnoDB DEFAULT CHARSET=utf8mb4 COLLATE=utf8mb4_unicode_ci;

LOCK TABLES `Member` WRITE;
/*!40000 ALTER TABLE `Member` DISABLE KEYS */;

INSERT INTO `Member` (`ID`, `ClassName`, `LastEdited`, `Created`, `FirstName`, `Surname`, `Email`, `TempIDHash`, `TempIDExpired`, `Password`, `AutoLoginHash`, `AutoLoginExpired`, `PasswordEncryption`, `Salt`, `PasswordExpiry`, `LockedOutUntil`, `Locale`, `FailedLoginCount`)
VALUES
	(1,'SilverStripe\\Security\\Member','2021-04-18 03:29:23','2021-04-18 03:29:23','Default Admin',NULL,'admin',NULL,NULL,NULL,NULL,NULL,'none',NULL,NULL,NULL,'en_US',0);

/*!40000 ALTER TABLE `Member` ENABLE KEYS */;
UNLOCK TABLES;


# Dump of table MemberPassword
# ------------------------------------------------------------

DROP TABLE IF EXISTS `MemberPassword`;

CREATE TABLE `MemberPassword` (
  `ID` int(11) NOT NULL AUTO_INCREMENT,
  `ClassName` enum('SilverStripe\\Security\\MemberPassword') COLLATE utf8mb4_unicode_ci DEFAULT 'SilverStripe\\Security\\MemberPassword',
  `LastEdited` datetime DEFAULT NULL,
  `Created` datetime DEFAULT NULL,
  `Password` varchar(160) COLLATE utf8mb4_unicode_ci DEFAULT NULL,
  `Salt` varchar(50) COLLATE utf8mb4_unicode_ci DEFAULT NULL,
  `PasswordEncryption` varchar(50) COLLATE utf8mb4_unicode_ci DEFAULT NULL,
  `MemberID` int(11) NOT NULL DEFAULT '0',
  PRIMARY KEY (`ID`),
  KEY `ClassName` (`ClassName`),
  KEY `MemberID` (`MemberID`)
) ENGINE=InnoDB DEFAULT CHARSET=utf8mb4 COLLATE=utf8mb4_unicode_ci;

LOCK TABLES `MemberPassword` WRITE;
/*!40000 ALTER TABLE `MemberPassword` DISABLE KEYS */;

INSERT INTO `MemberPassword` (`ID`, `ClassName`, `LastEdited`, `Created`, `Password`, `Salt`, `PasswordEncryption`, `MemberID`)
VALUES
	(1,'SilverStripe\\Security\\MemberPassword','2021-04-18 03:29:23','2021-04-18 03:29:23',NULL,NULL,'none',1);

/*!40000 ALTER TABLE `MemberPassword` ENABLE KEYS */;
UNLOCK TABLES;


# Dump of table Permission
# ------------------------------------------------------------

DROP TABLE IF EXISTS `Permission`;

CREATE TABLE `Permission` (
  `ID` int(11) NOT NULL AUTO_INCREMENT,
  `ClassName` enum('SilverStripe\\Security\\Permission') COLLATE utf8mb4_unicode_ci DEFAULT 'SilverStripe\\Security\\Permission',
  `LastEdited` datetime DEFAULT NULL,
  `Created` datetime DEFAULT NULL,
  `Code` varchar(255) COLLATE utf8mb4_unicode_ci DEFAULT NULL,
  `Arg` int(11) NOT NULL DEFAULT '0',
  `Type` int(11) NOT NULL DEFAULT '1',
  `GroupID` int(11) NOT NULL DEFAULT '0',
  PRIMARY KEY (`ID`),
  KEY `ClassName` (`ClassName`),
  KEY `GroupID` (`GroupID`),
  KEY `Code` (`Code`)
) ENGINE=InnoDB DEFAULT CHARSET=utf8mb4 COLLATE=utf8mb4_unicode_ci;

LOCK TABLES `Permission` WRITE;
/*!40000 ALTER TABLE `Permission` DISABLE KEYS */;

INSERT INTO `Permission` (`ID`, `ClassName`, `LastEdited`, `Created`, `Code`, `Arg`, `Type`, `GroupID`)
VALUES
	(1,'SilverStripe\\Security\\Permission','2021-04-18 03:29:23','2021-04-18 03:29:23','CMS_ACCESS_CMSMain',0,1,1),
	(2,'SilverStripe\\Security\\Permission','2021-04-18 03:29:23','2021-04-18 03:29:23','CMS_ACCESS_AssetAdmin',0,1,1),
	(3,'SilverStripe\\Security\\Permission','2021-04-18 03:29:23','2021-04-18 03:29:23','CMS_ACCESS_ReportAdmin',0,1,1),
	(4,'SilverStripe\\Security\\Permission','2021-04-18 03:29:23','2021-04-18 03:29:23','SITETREE_REORGANISE',0,1,1),
	(5,'SilverStripe\\Security\\Permission','2021-04-18 03:29:23','2021-04-18 03:29:23','ADMIN',0,1,2);

/*!40000 ALTER TABLE `Permission` ENABLE KEYS */;
UNLOCK TABLES;


# Dump of table PermissionRole
# ------------------------------------------------------------

DROP TABLE IF EXISTS `PermissionRole`;

CREATE TABLE `PermissionRole` (
  `ID` int(11) NOT NULL AUTO_INCREMENT,
  `ClassName` enum('SilverStripe\\Security\\PermissionRole') COLLATE utf8mb4_unicode_ci DEFAULT 'SilverStripe\\Security\\PermissionRole',
  `LastEdited` datetime DEFAULT NULL,
  `Created` datetime DEFAULT NULL,
  `Title` varchar(255) COLLATE utf8mb4_unicode_ci DEFAULT NULL,
  `OnlyAdminCanApply` tinyint(1) unsigned NOT NULL DEFAULT '0',
  PRIMARY KEY (`ID`),
  KEY `Title` (`Title`),
  KEY `ClassName` (`ClassName`)
) ENGINE=InnoDB DEFAULT CHARSET=utf8mb4 COLLATE=utf8mb4_unicode_ci;



# Dump of table PermissionRoleCode
# ------------------------------------------------------------

DROP TABLE IF EXISTS `PermissionRoleCode`;

CREATE TABLE `PermissionRoleCode` (
  `ID` int(11) NOT NULL AUTO_INCREMENT,
  `ClassName` enum('SilverStripe\\Security\\PermissionRoleCode') COLLATE utf8mb4_unicode_ci DEFAULT 'SilverStripe\\Security\\PermissionRoleCode',
  `LastEdited` datetime DEFAULT NULL,
  `Created` datetime DEFAULT NULL,
  `Code` varchar(255) COLLATE utf8mb4_unicode_ci DEFAULT NULL,
  `RoleID` int(11) NOT NULL DEFAULT '0',
  PRIMARY KEY (`ID`),
  KEY `ClassName` (`ClassName`),
  KEY `RoleID` (`RoleID`)
) ENGINE=InnoDB DEFAULT CHARSET=utf8mb4 COLLATE=utf8mb4_unicode_ci;



# Dump of table RedirectorPage
# ------------------------------------------------------------

DROP TABLE IF EXISTS `RedirectorPage`;

CREATE TABLE `RedirectorPage` (
  `ID` int(11) NOT NULL AUTO_INCREMENT,
  `RedirectionType` enum('Internal','External') COLLATE utf8mb4_unicode_ci DEFAULT 'Internal',
  `ExternalURL` varchar(2083) COLLATE utf8mb4_unicode_ci DEFAULT NULL,
  `LinkToID` int(11) NOT NULL DEFAULT '0',
  PRIMARY KEY (`ID`),
  KEY `LinkToID` (`LinkToID`)
) ENGINE=InnoDB DEFAULT CHARSET=utf8mb4 COLLATE=utf8mb4_unicode_ci;



# Dump of table RedirectorPage_Live
# ------------------------------------------------------------

DROP TABLE IF EXISTS `RedirectorPage_Live`;

CREATE TABLE `RedirectorPage_Live` (
  `ID` int(11) NOT NULL AUTO_INCREMENT,
  `RedirectionType` enum('Internal','External') COLLATE utf8mb4_unicode_ci DEFAULT 'Internal',
  `ExternalURL` varchar(2083) COLLATE utf8mb4_unicode_ci DEFAULT NULL,
  `LinkToID` int(11) NOT NULL DEFAULT '0',
  PRIMARY KEY (`ID`),
  KEY `LinkToID` (`LinkToID`)
) ENGINE=InnoDB DEFAULT CHARSET=utf8mb4 COLLATE=utf8mb4_unicode_ci;



# Dump of table RedirectorPage_Versions
# ------------------------------------------------------------

DROP TABLE IF EXISTS `RedirectorPage_Versions`;

CREATE TABLE `RedirectorPage_Versions` (
  `ID` int(11) NOT NULL AUTO_INCREMENT,
  `RecordID` int(11) NOT NULL DEFAULT '0',
  `Version` int(11) NOT NULL DEFAULT '0',
  `RedirectionType` enum('Internal','External') COLLATE utf8mb4_unicode_ci DEFAULT 'Internal',
  `ExternalURL` varchar(2083) COLLATE utf8mb4_unicode_ci DEFAULT NULL,
  `LinkToID` int(11) NOT NULL DEFAULT '0',
  PRIMARY KEY (`ID`),
  UNIQUE KEY `RecordID_Version` (`RecordID`,`Version`),
  KEY `RecordID` (`RecordID`),
  KEY `Version` (`Version`),
  KEY `LinkToID` (`LinkToID`)
) ENGINE=InnoDB DEFAULT CHARSET=utf8mb4 COLLATE=utf8mb4_unicode_ci;



# Dump of table RememberLoginHash
# ------------------------------------------------------------

DROP TABLE IF EXISTS `RememberLoginHash`;

CREATE TABLE `RememberLoginHash` (
  `ID` int(11) NOT NULL AUTO_INCREMENT,
  `ClassName` enum('SilverStripe\\Security\\RememberLoginHash') COLLATE utf8mb4_unicode_ci DEFAULT 'SilverStripe\\Security\\RememberLoginHash',
  `LastEdited` datetime DEFAULT NULL,
  `Created` datetime DEFAULT NULL,
  `DeviceID` varchar(40) COLLATE utf8mb4_unicode_ci DEFAULT NULL,
  `Hash` varchar(160) COLLATE utf8mb4_unicode_ci DEFAULT NULL,
  `ExpiryDate` datetime DEFAULT NULL,
  `MemberID` int(11) NOT NULL DEFAULT '0',
  PRIMARY KEY (`ID`),
  KEY `ClassName` (`ClassName`),
  KEY `MemberID` (`MemberID`),
  KEY `DeviceID` (`DeviceID`),
  KEY `Hash` (`Hash`)
) ENGINE=InnoDB DEFAULT CHARSET=utf8mb4 COLLATE=utf8mb4_unicode_ci;



# Dump of table RugbyTeam
# ------------------------------------------------------------

DROP TABLE IF EXISTS `RugbyTeam`;

CREATE TABLE `RugbyTeam` (
  `ID` int(11) NOT NULL AUTO_INCREMENT,
  `Mascot` mediumtext COLLATE utf8mb4_unicode_ci,
  `Season` mediumtext COLLATE utf8mb4_unicode_ci,
  PRIMARY KEY (`ID`)
) ENGINE=InnoDB DEFAULT CHARSET=utf8mb4 COLLATE=utf8mb4_unicode_ci;

LOCK TABLES `RugbyTeam` WRITE;
/*!40000 ALTER TABLE `RugbyTeam` DISABLE KEYS */;

INSERT INTO `RugbyTeam` (`ID`, `Mascot`, `Season`)
VALUES
	(2,'Blue Beard','Winter'),
	(3,'Buck Shelford','Winter'),
	(4,'Captain Hurricane','Winter');

/*!40000 ALTER TABLE `RugbyTeam` ENABLE KEYS */;
UNLOCK TABLES;


# Dump of table SiteConfig
# ------------------------------------------------------------

DROP TABLE IF EXISTS `SiteConfig`;

CREATE TABLE `SiteConfig` (
  `ID` int(11) NOT NULL AUTO_INCREMENT,
  `ClassName` enum('SilverStripe\\SiteConfig\\SiteConfig') COLLATE utf8mb4_unicode_ci DEFAULT 'SilverStripe\\SiteConfig\\SiteConfig',
  `LastEdited` datetime DEFAULT NULL,
  `Created` datetime DEFAULT NULL,
  `Title` varchar(255) COLLATE utf8mb4_unicode_ci DEFAULT NULL,
  `Tagline` varchar(255) COLLATE utf8mb4_unicode_ci DEFAULT NULL,
  `CanViewType` enum('Anyone','LoggedInUsers','OnlyTheseUsers') COLLATE utf8mb4_unicode_ci DEFAULT 'Anyone',
  `CanEditType` enum('LoggedInUsers','OnlyTheseUsers') COLLATE utf8mb4_unicode_ci DEFAULT 'LoggedInUsers',
  `CanCreateTopLevelType` enum('LoggedInUsers','OnlyTheseUsers') COLLATE utf8mb4_unicode_ci DEFAULT 'LoggedInUsers',
  PRIMARY KEY (`ID`),
  KEY `ClassName` (`ClassName`)
) ENGINE=InnoDB DEFAULT CHARSET=utf8mb4 COLLATE=utf8mb4_unicode_ci;

LOCK TABLES `SiteConfig` WRITE;
/*!40000 ALTER TABLE `SiteConfig` DISABLE KEYS */;

INSERT INTO `SiteConfig` (`ID`, `ClassName`, `LastEdited`, `Created`, `Title`, `Tagline`, `CanViewType`, `CanEditType`, `CanCreateTopLevelType`)
VALUES
	(1,'SilverStripe\\SiteConfig\\SiteConfig','2021-04-18 03:29:23','2021-04-18 03:29:23','Your Site Name','your tagline here','Anyone','LoggedInUsers','LoggedInUsers');

/*!40000 ALTER TABLE `SiteConfig` ENABLE KEYS */;
UNLOCK TABLES;


# Dump of table SiteConfig_CreateTopLevelGroups
# ------------------------------------------------------------

DROP TABLE IF EXISTS `SiteConfig_CreateTopLevelGroups`;

CREATE TABLE `SiteConfig_CreateTopLevelGroups` (
  `ID` int(11) NOT NULL AUTO_INCREMENT,
  `SiteConfigID` int(11) NOT NULL DEFAULT '0',
  `GroupID` int(11) NOT NULL DEFAULT '0',
  PRIMARY KEY (`ID`),
  KEY `SiteConfigID` (`SiteConfigID`),
  KEY `GroupID` (`GroupID`)
) ENGINE=InnoDB DEFAULT CHARSET=utf8mb4 COLLATE=utf8mb4_unicode_ci;



# Dump of table SiteConfig_EditorGroups
# ------------------------------------------------------------

DROP TABLE IF EXISTS `SiteConfig_EditorGroups`;

CREATE TABLE `SiteConfig_EditorGroups` (
  `ID` int(11) NOT NULL AUTO_INCREMENT,
  `SiteConfigID` int(11) NOT NULL DEFAULT '0',
  `GroupID` int(11) NOT NULL DEFAULT '0',
  PRIMARY KEY (`ID`),
  KEY `SiteConfigID` (`SiteConfigID`),
  KEY `GroupID` (`GroupID`)
) ENGINE=InnoDB DEFAULT CHARSET=utf8mb4 COLLATE=utf8mb4_unicode_ci;



# Dump of table SiteConfig_ViewerGroups
# ------------------------------------------------------------

DROP TABLE IF EXISTS `SiteConfig_ViewerGroups`;

CREATE TABLE `SiteConfig_ViewerGroups` (
  `ID` int(11) NOT NULL AUTO_INCREMENT,
  `SiteConfigID` int(11) NOT NULL DEFAULT '0',
  `GroupID` int(11) NOT NULL DEFAULT '0',
  PRIMARY KEY (`ID`),
  KEY `SiteConfigID` (`SiteConfigID`),
  KEY `GroupID` (`GroupID`)
) ENGINE=InnoDB DEFAULT CHARSET=utf8mb4 COLLATE=utf8mb4_unicode_ci;



# Dump of table SiteTree
# ------------------------------------------------------------

DROP TABLE IF EXISTS `SiteTree`;

CREATE TABLE `SiteTree` (
  `ID` int(11) NOT NULL AUTO_INCREMENT,
  `ClassName` enum('SilverStripe\\CMS\\Model\\SiteTree','Page','SilverStripe\\SportTest\\HomePage','SilverStripe\\ErrorPage\\ErrorPage','SilverStripe\\CMS\\Model\\RedirectorPage','SilverStripe\\CMS\\Model\\VirtualPage') COLLATE utf8mb4_unicode_ci DEFAULT 'Page',
  `LastEdited` datetime DEFAULT NULL,
  `Created` datetime DEFAULT NULL,
  `CanViewType` enum('Anyone','LoggedInUsers','OnlyTheseUsers','Inherit') COLLATE utf8mb4_unicode_ci DEFAULT 'Inherit',
  `CanEditType` enum('LoggedInUsers','OnlyTheseUsers','Inherit') COLLATE utf8mb4_unicode_ci DEFAULT 'Inherit',
  `Version` int(11) NOT NULL DEFAULT '0',
  `URLSegment` varchar(255) COLLATE utf8mb4_unicode_ci DEFAULT NULL,
  `Title` varchar(255) COLLATE utf8mb4_unicode_ci DEFAULT NULL,
  `MenuTitle` varchar(100) COLLATE utf8mb4_unicode_ci DEFAULT NULL,
  `Content` mediumtext COLLATE utf8mb4_unicode_ci,
  `MetaDescription` mediumtext COLLATE utf8mb4_unicode_ci,
  `ExtraMeta` mediumtext COLLATE utf8mb4_unicode_ci,
  `ShowInMenus` tinyint(1) unsigned NOT NULL DEFAULT '0',
  `ShowInSearch` tinyint(1) unsigned NOT NULL DEFAULT '0',
  `Sort` int(11) NOT NULL DEFAULT '0',
  `HasBrokenFile` tinyint(1) unsigned NOT NULL DEFAULT '0',
  `HasBrokenLink` tinyint(1) unsigned NOT NULL DEFAULT '0',
  `ReportClass` varchar(255) COLLATE utf8mb4_unicode_ci DEFAULT NULL,
  `ParentID` int(11) NOT NULL DEFAULT '0',
  PRIMARY KEY (`ID`),
  KEY `Sort` (`Sort`),
  KEY `ClassName` (`ClassName`),
  KEY `ParentID` (`ParentID`),
  KEY `URLSegment` (`URLSegment`)
) ENGINE=InnoDB DEFAULT CHARSET=utf8mb4 COLLATE=utf8mb4_unicode_ci;

LOCK TABLES `SiteTree` WRITE;
/*!40000 ALTER TABLE `SiteTree` DISABLE KEYS */;

INSERT INTO `SiteTree` (`ID`, `ClassName`, `LastEdited`, `Created`, `CanViewType`, `CanEditType`, `Version`, `URLSegment`, `Title`, `MenuTitle`, `Content`, `MetaDescription`, `ExtraMeta`, `ShowInMenus`, `ShowInSearch`, `Sort`, `HasBrokenFile`, `HasBrokenLink`, `ReportClass`, `ParentID`)
VALUES
	(1,'SilverStripe\\SportTest\\HomePage','2021-04-18 03:36:53','2021-04-18 03:29:23','Inherit','Inherit',6,'home','Home',NULL,NULL,NULL,NULL,1,1,1,0,0,NULL,0),
	(2,'Page','2021-04-18 03:29:23','2021-04-18 03:29:23','Inherit','Inherit',2,'about-us','About Us',NULL,'<p>You can fill this page out with your own content, or delete it and create your own pages.</p>',NULL,NULL,1,1,2,0,0,NULL,0),
	(3,'Page','2021-04-18 03:29:23','2021-04-18 03:29:23','Inherit','Inherit',2,'contact-us','Contact Us',NULL,'<p>You can fill this page out with your own content, or delete it and create your own pages.</p>',NULL,NULL,1,1,3,0,0,NULL,0),
	(4,'SilverStripe\\ErrorPage\\ErrorPage','2021-04-18 03:29:23','2021-04-18 03:29:23','Inherit','Inherit',2,'page-not-found','Page not found',NULL,'<p>Sorry, it seems you were trying to access a page that doesn\'t exist.</p><p>Please check the spelling of the URL you were trying to access and try again.</p>',NULL,NULL,0,0,4,0,0,NULL,0),
	(5,'SilverStripe\\ErrorPage\\ErrorPage','2021-04-18 03:29:24','2021-04-18 03:29:24','Inherit','Inherit',2,'server-error','Server error',NULL,'<p>Sorry, there was a problem with handling your request.</p>',NULL,NULL,0,0,5,0,0,NULL,0);

/*!40000 ALTER TABLE `SiteTree` ENABLE KEYS */;
UNLOCK TABLES;


# Dump of table SiteTree_EditorGroups
# ------------------------------------------------------------

DROP TABLE IF EXISTS `SiteTree_EditorGroups`;

CREATE TABLE `SiteTree_EditorGroups` (
  `ID` int(11) NOT NULL AUTO_INCREMENT,
  `SiteTreeID` int(11) NOT NULL DEFAULT '0',
  `GroupID` int(11) NOT NULL DEFAULT '0',
  PRIMARY KEY (`ID`),
  KEY `SiteTreeID` (`SiteTreeID`),
  KEY `GroupID` (`GroupID`)
) ENGINE=InnoDB DEFAULT CHARSET=utf8mb4 COLLATE=utf8mb4_unicode_ci;



# Dump of table SiteTree_Live
# ------------------------------------------------------------

DROP TABLE IF EXISTS `SiteTree_Live`;

CREATE TABLE `SiteTree_Live` (
  `ID` int(11) NOT NULL AUTO_INCREMENT,
  `ClassName` enum('SilverStripe\\CMS\\Model\\SiteTree','Page','SilverStripe\\SportTest\\HomePage','SilverStripe\\ErrorPage\\ErrorPage','SilverStripe\\CMS\\Model\\RedirectorPage','SilverStripe\\CMS\\Model\\VirtualPage') COLLATE utf8mb4_unicode_ci DEFAULT 'Page',
  `LastEdited` datetime DEFAULT NULL,
  `Created` datetime DEFAULT NULL,
  `CanViewType` enum('Anyone','LoggedInUsers','OnlyTheseUsers','Inherit') COLLATE utf8mb4_unicode_ci DEFAULT 'Inherit',
  `CanEditType` enum('LoggedInUsers','OnlyTheseUsers','Inherit') COLLATE utf8mb4_unicode_ci DEFAULT 'Inherit',
  `Version` int(11) NOT NULL DEFAULT '0',
  `URLSegment` varchar(255) COLLATE utf8mb4_unicode_ci DEFAULT NULL,
  `Title` varchar(255) COLLATE utf8mb4_unicode_ci DEFAULT NULL,
  `MenuTitle` varchar(100) COLLATE utf8mb4_unicode_ci DEFAULT NULL,
  `Content` mediumtext COLLATE utf8mb4_unicode_ci,
  `MetaDescription` mediumtext COLLATE utf8mb4_unicode_ci,
  `ExtraMeta` mediumtext COLLATE utf8mb4_unicode_ci,
  `ShowInMenus` tinyint(1) unsigned NOT NULL DEFAULT '0',
  `ShowInSearch` tinyint(1) unsigned NOT NULL DEFAULT '0',
  `Sort` int(11) NOT NULL DEFAULT '0',
  `HasBrokenFile` tinyint(1) unsigned NOT NULL DEFAULT '0',
  `HasBrokenLink` tinyint(1) unsigned NOT NULL DEFAULT '0',
  `ReportClass` varchar(255) COLLATE utf8mb4_unicode_ci DEFAULT NULL,
  `ParentID` int(11) NOT NULL DEFAULT '0',
  PRIMARY KEY (`ID`),
  KEY `Sort` (`Sort`),
  KEY `ClassName` (`ClassName`),
  KEY `ParentID` (`ParentID`),
  KEY `URLSegment` (`URLSegment`)
) ENGINE=InnoDB DEFAULT CHARSET=utf8mb4 COLLATE=utf8mb4_unicode_ci;

LOCK TABLES `SiteTree_Live` WRITE;
/*!40000 ALTER TABLE `SiteTree_Live` DISABLE KEYS */;

INSERT INTO `SiteTree_Live` (`ID`, `ClassName`, `LastEdited`, `Created`, `CanViewType`, `CanEditType`, `Version`, `URLSegment`, `Title`, `MenuTitle`, `Content`, `MetaDescription`, `ExtraMeta`, `ShowInMenus`, `ShowInSearch`, `Sort`, `HasBrokenFile`, `HasBrokenLink`, `ReportClass`, `ParentID`)
VALUES
	(1,'SilverStripe\\SportTest\\HomePage','2021-04-18 03:36:53','2021-04-18 03:29:23','Inherit','Inherit',6,'home','Home',NULL,NULL,NULL,NULL,1,1,1,0,0,NULL,0),
	(2,'Page','2021-04-18 03:29:23','2021-04-18 03:29:23','Inherit','Inherit',2,'about-us','About Us',NULL,'<p>You can fill this page out with your own content, or delete it and create your own pages.</p>',NULL,NULL,1,1,2,0,0,NULL,0),
	(3,'Page','2021-04-18 03:29:23','2021-04-18 03:29:23','Inherit','Inherit',2,'contact-us','Contact Us',NULL,'<p>You can fill this page out with your own content, or delete it and create your own pages.</p>',NULL,NULL,1,1,3,0,0,NULL,0),
	(4,'SilverStripe\\ErrorPage\\ErrorPage','2021-04-18 03:29:23','2021-04-18 03:29:23','Inherit','Inherit',2,'page-not-found','Page not found',NULL,'<p>Sorry, it seems you were trying to access a page that doesn\'t exist.</p><p>Please check the spelling of the URL you were trying to access and try again.</p>',NULL,NULL,0,0,4,0,0,NULL,0),
	(5,'SilverStripe\\ErrorPage\\ErrorPage','2021-04-18 03:29:24','2021-04-18 03:29:24','Inherit','Inherit',2,'server-error','Server error',NULL,'<p>Sorry, there was a problem with handling your request.</p>',NULL,NULL,0,0,5,0,0,NULL,0);

/*!40000 ALTER TABLE `SiteTree_Live` ENABLE KEYS */;
UNLOCK TABLES;


# Dump of table SiteTree_Versions
# ------------------------------------------------------------

DROP TABLE IF EXISTS `SiteTree_Versions`;

CREATE TABLE `SiteTree_Versions` (
  `ID` int(11) NOT NULL AUTO_INCREMENT,
  `RecordID` int(11) NOT NULL DEFAULT '0',
  `Version` int(11) NOT NULL DEFAULT '0',
  `WasPublished` tinyint(1) unsigned NOT NULL DEFAULT '0',
  `WasDeleted` tinyint(1) unsigned NOT NULL DEFAULT '0',
  `WasDraft` tinyint(1) unsigned NOT NULL DEFAULT '1',
  `AuthorID` int(11) NOT NULL DEFAULT '0',
  `PublisherID` int(11) NOT NULL DEFAULT '0',
  `ClassName` enum('SilverStripe\\CMS\\Model\\SiteTree','Page','SilverStripe\\SportTest\\HomePage','SilverStripe\\ErrorPage\\ErrorPage','SilverStripe\\CMS\\Model\\RedirectorPage','SilverStripe\\CMS\\Model\\VirtualPage') COLLATE utf8mb4_unicode_ci DEFAULT 'Page',
  `LastEdited` datetime DEFAULT NULL,
  `Created` datetime DEFAULT NULL,
  `CanViewType` enum('Anyone','LoggedInUsers','OnlyTheseUsers','Inherit') COLLATE utf8mb4_unicode_ci DEFAULT 'Inherit',
  `CanEditType` enum('LoggedInUsers','OnlyTheseUsers','Inherit') COLLATE utf8mb4_unicode_ci DEFAULT 'Inherit',
  `URLSegment` varchar(255) COLLATE utf8mb4_unicode_ci DEFAULT NULL,
  `Title` varchar(255) COLLATE utf8mb4_unicode_ci DEFAULT NULL,
  `MenuTitle` varchar(100) COLLATE utf8mb4_unicode_ci DEFAULT NULL,
  `Content` mediumtext COLLATE utf8mb4_unicode_ci,
  `MetaDescription` mediumtext COLLATE utf8mb4_unicode_ci,
  `ExtraMeta` mediumtext COLLATE utf8mb4_unicode_ci,
  `ShowInMenus` tinyint(1) unsigned NOT NULL DEFAULT '0',
  `ShowInSearch` tinyint(1) unsigned NOT NULL DEFAULT '0',
  `Sort` int(11) NOT NULL DEFAULT '0',
  `HasBrokenFile` tinyint(1) unsigned NOT NULL DEFAULT '0',
  `HasBrokenLink` tinyint(1) unsigned NOT NULL DEFAULT '0',
  `ReportClass` varchar(255) COLLATE utf8mb4_unicode_ci DEFAULT NULL,
  `ParentID` int(11) NOT NULL DEFAULT '0',
  PRIMARY KEY (`ID`),
  KEY `RecordID_Version` (`RecordID`,`Version`),
  KEY `RecordID` (`RecordID`),
  KEY `Version` (`Version`),
  KEY `AuthorID` (`AuthorID`),
  KEY `PublisherID` (`PublisherID`),
  KEY `Sort` (`Sort`),
  KEY `ClassName` (`ClassName`),
  KEY `ParentID` (`ParentID`),
  KEY `URLSegment` (`URLSegment`)
) ENGINE=InnoDB DEFAULT CHARSET=utf8mb4 COLLATE=utf8mb4_unicode_ci;

LOCK TABLES `SiteTree_Versions` WRITE;
/*!40000 ALTER TABLE `SiteTree_Versions` DISABLE KEYS */;

INSERT INTO `SiteTree_Versions` (`ID`, `RecordID`, `Version`, `WasPublished`, `WasDeleted`, `WasDraft`, `AuthorID`, `PublisherID`, `ClassName`, `LastEdited`, `Created`, `CanViewType`, `CanEditType`, `URLSegment`, `Title`, `MenuTitle`, `Content`, `MetaDescription`, `ExtraMeta`, `ShowInMenus`, `ShowInSearch`, `Sort`, `HasBrokenFile`, `HasBrokenLink`, `ReportClass`, `ParentID`)
VALUES
	(1,1,1,0,0,1,0,0,'Page','2021-04-18 03:29:23','2021-04-18 03:29:23','Inherit','Inherit','home','Home',NULL,'<p>Welcome to SilverStripe! This is the default homepage. You can edit this page by opening <a href=\"admin/\">the CMS</a>.</p><p>You can now access the <a href=\"http://docs.silverstripe.org\">developer documentation</a>, or begin the <a href=\"http://www.silverstripe.org/learn/lessons\">SilverStripe lessons</a>.</p>',NULL,NULL,1,1,1,0,0,NULL,0),
	(2,1,2,1,0,1,0,0,'Page','2021-04-18 03:29:23','2021-04-18 03:29:23','Inherit','Inherit','home','Home',NULL,'<p>Welcome to SilverStripe! This is the default homepage. You can edit this page by opening <a href=\"admin/\">the CMS</a>.</p><p>You can now access the <a href=\"http://docs.silverstripe.org\">developer documentation</a>, or begin the <a href=\"http://www.silverstripe.org/learn/lessons\">SilverStripe lessons</a>.</p>',NULL,NULL,1,1,1,0,0,NULL,0),
	(3,2,1,0,0,1,0,0,'Page','2021-04-18 03:29:23','2021-04-18 03:29:23','Inherit','Inherit','about-us','About Us',NULL,'<p>You can fill this page out with your own content, or delete it and create your own pages.</p>',NULL,NULL,1,1,2,0,0,NULL,0),
	(4,2,2,1,0,1,0,0,'Page','2021-04-18 03:29:23','2021-04-18 03:29:23','Inherit','Inherit','about-us','About Us',NULL,'<p>You can fill this page out with your own content, or delete it and create your own pages.</p>',NULL,NULL,1,1,2,0,0,NULL,0),
	(5,3,1,0,0,1,0,0,'Page','2021-04-18 03:29:23','2021-04-18 03:29:23','Inherit','Inherit','contact-us','Contact Us',NULL,'<p>You can fill this page out with your own content, or delete it and create your own pages.</p>',NULL,NULL,1,1,3,0,0,NULL,0),
	(6,3,2,1,0,1,0,0,'Page','2021-04-18 03:29:23','2021-04-18 03:29:23','Inherit','Inherit','contact-us','Contact Us',NULL,'<p>You can fill this page out with your own content, or delete it and create your own pages.</p>',NULL,NULL,1,1,3,0,0,NULL,0),
	(7,4,1,0,0,1,0,0,'SilverStripe\\ErrorPage\\ErrorPage','2021-04-18 03:29:23','2021-04-18 03:29:23','Inherit','Inherit','page-not-found','Page not found',NULL,'<p>Sorry, it seems you were trying to access a page that doesn\'t exist.</p><p>Please check the spelling of the URL you were trying to access and try again.</p>',NULL,NULL,0,0,4,0,0,NULL,0),
	(8,4,2,1,0,1,0,0,'SilverStripe\\ErrorPage\\ErrorPage','2021-04-18 03:29:23','2021-04-18 03:29:23','Inherit','Inherit','page-not-found','Page not found',NULL,'<p>Sorry, it seems you were trying to access a page that doesn\'t exist.</p><p>Please check the spelling of the URL you were trying to access and try again.</p>',NULL,NULL,0,0,4,0,0,NULL,0),
	(9,5,1,0,0,1,0,0,'SilverStripe\\ErrorPage\\ErrorPage','2021-04-18 03:29:24','2021-04-18 03:29:24','Inherit','Inherit','server-error','Server error',NULL,'<p>Sorry, there was a problem with handling your request.</p>',NULL,NULL,0,0,5,0,0,NULL,0),
	(10,5,2,1,0,1,0,0,'SilverStripe\\ErrorPage\\ErrorPage','2021-04-18 03:29:24','2021-04-18 03:29:24','Inherit','Inherit','server-error','Server error',NULL,'<p>Sorry, there was a problem with handling your request.</p>',NULL,NULL,0,0,5,0,0,NULL,0),
	(11,1,3,0,0,1,1,0,'SilverStripe\\SportTest\\HomePage','2021-04-18 03:36:13','2021-04-18 03:29:23','Inherit','Inherit','home','Home',NULL,'<p>Welcome to SilverStripe! This is the default homepage. You can edit this page by opening <a href=\"admin/\">the CMS</a>.</p><p>You can now access the <a href=\"http://docs.silverstripe.org\">developer documentation</a>, or begin the <a href=\"http://www.silverstripe.org/learn/lessons\">SilverStripe lessons</a>.</p>',NULL,NULL,1,1,1,0,0,NULL,0),
	(12,1,4,1,0,1,1,1,'SilverStripe\\SportTest\\HomePage','2021-04-18 03:36:32','2021-04-18 03:29:23','Inherit','Inherit','home','Home',NULL,'<p>Welcome to SilverStripe! This is the default homepage. You can edit this page by opening <a href=\"admin/\">the CMS</a>.</p><p>You can now access the <a href=\"http://docs.silverstripe.org\">developer documentation</a>, or begin the <a href=\"http://www.silverstripe.org/learn/lessons\">SilverStripe lessons</a>.</p>',NULL,NULL,1,1,1,0,0,NULL,0),
	(13,1,5,0,0,1,1,0,'SilverStripe\\SportTest\\HomePage','2021-04-18 03:36:53','2021-04-18 03:29:23','Inherit','Inherit','home','Home',NULL,NULL,NULL,NULL,1,1,1,0,0,NULL,0),
	(14,1,6,1,0,1,1,1,'SilverStripe\\SportTest\\HomePage','2021-04-18 03:36:53','2021-04-18 03:29:23','Inherit','Inherit','home','Home',NULL,NULL,NULL,NULL,1,1,1,0,0,NULL,0);

/*!40000 ALTER TABLE `SiteTree_Versions` ENABLE KEYS */;
UNLOCK TABLES;


# Dump of table SiteTree_ViewerGroups
# ------------------------------------------------------------

DROP TABLE IF EXISTS `SiteTree_ViewerGroups`;

CREATE TABLE `SiteTree_ViewerGroups` (
  `ID` int(11) NOT NULL AUTO_INCREMENT,
  `SiteTreeID` int(11) NOT NULL DEFAULT '0',
  `GroupID` int(11) NOT NULL DEFAULT '0',
  PRIMARY KEY (`ID`),
  KEY `SiteTreeID` (`SiteTreeID`),
  KEY `GroupID` (`GroupID`)
) ENGINE=InnoDB DEFAULT CHARSET=utf8mb4 COLLATE=utf8mb4_unicode_ci;



# Dump of table SiteTreeLink
# ------------------------------------------------------------

DROP TABLE IF EXISTS `SiteTreeLink`;

CREATE TABLE `SiteTreeLink` (
  `ID` int(11) NOT NULL AUTO_INCREMENT,
  `ClassName` enum('SilverStripe\\CMS\\Model\\SiteTreeLink') COLLATE utf8mb4_unicode_ci DEFAULT 'SilverStripe\\CMS\\Model\\SiteTreeLink',
  `LastEdited` datetime DEFAULT NULL,
  `Created` datetime DEFAULT NULL,
  `LinkedID` int(11) NOT NULL DEFAULT '0',
  `ParentID` int(11) NOT NULL DEFAULT '0',
  `ParentClass` enum('SilverStripe\\SportTest\\Sportsman','SilverStripe\\SportTest\\Team','SilverStripe\\SportTest\\TeamColour','SilverStripe\\Assets\\File','SilverStripe\\SiteConfig\\SiteConfig','SilverStripe\\Versioned\\ChangeSet','SilverStripe\\Versioned\\ChangeSetItem','SilverStripe\\Assets\\Shortcodes\\FileLink','SilverStripe\\CMS\\Model\\SiteTree','SilverStripe\\CMS\\Model\\SiteTreeLink','SilverStripe\\Security\\Group','SilverStripe\\Security\\LoginAttempt','SilverStripe\\Security\\Member','SilverStripe\\Security\\MemberPassword','SilverStripe\\Security\\Permission','SilverStripe\\Security\\PermissionRole','SilverStripe\\Security\\PermissionRoleCode','SilverStripe\\Security\\RememberLoginHash','SilverStripe\\SportTest\\CricketTeam','SilverStripe\\SportTest\\RugbyTeam','SilverStripe\\Assets\\Folder','SilverStripe\\Assets\\Image','Page','SilverStripe\\SportTest\\HomePage','SilverStripe\\ErrorPage\\ErrorPage','SilverStripe\\CMS\\Model\\RedirectorPage','SilverStripe\\CMS\\Model\\VirtualPage') COLLATE utf8mb4_unicode_ci DEFAULT 'SilverStripe\\SportTest\\Sportsman',
  PRIMARY KEY (`ID`),
  KEY `ClassName` (`ClassName`),
  KEY `LinkedID` (`LinkedID`),
  KEY `Parent` (`ParentID`,`ParentClass`)
) ENGINE=InnoDB DEFAULT CHARSET=utf8mb4 COLLATE=utf8mb4_unicode_ci;



# Dump of table Sportsman
# ------------------------------------------------------------

DROP TABLE IF EXISTS `Sportsman`;

CREATE TABLE `Sportsman` (
  `ID` int(11) NOT NULL AUTO_INCREMENT,
  `ClassName` enum('SilverStripe\\SportTest\\Sportsman') COLLATE utf8mb4_unicode_ci DEFAULT 'SilverStripe\\SportTest\\Sportsman',
  `LastEdited` datetime DEFAULT NULL,
  `Created` datetime DEFAULT NULL,
  `Name` varchar(255) COLLATE utf8mb4_unicode_ci DEFAULT NULL,
  PRIMARY KEY (`ID`),
  KEY `ClassName` (`ClassName`)
) ENGINE=InnoDB DEFAULT CHARSET=utf8mb4 COLLATE=utf8mb4_unicode_ci;

LOCK TABLES `Sportsman` WRITE;
/*!40000 ALTER TABLE `Sportsman` DISABLE KEYS */;

INSERT INTO `Sportsman` (`ID`, `ClassName`, `LastEdited`, `Created`, `Name`)
VALUES
	(1,'SilverStripe\\SportTest\\Sportsman','2021-04-18 03:35:22','2021-04-18 03:35:22','Martin Crowe'),
	(2,'SilverStripe\\SportTest\\Sportsman','2021-04-18 03:35:47','2021-04-18 03:35:47','Jeff Wilson'),
	(3,'SilverStripe\\SportTest\\Sportsman','2021-04-18 03:57:25','2021-04-18 03:57:25','Frank Bunce');

/*!40000 ALTER TABLE `Sportsman` ENABLE KEYS */;
UNLOCK TABLES;


# Dump of table Sportsman_Teams
# ------------------------------------------------------------

DROP TABLE IF EXISTS `Sportsman_Teams`;

CREATE TABLE `Sportsman_Teams` (
  `ID` int(11) NOT NULL AUTO_INCREMENT,
  `SportsmanID` int(11) NOT NULL DEFAULT '0',
  `TeamID` int(11) NOT NULL DEFAULT '0',
  PRIMARY KEY (`ID`),
  KEY `SportsmanID` (`SportsmanID`),
  KEY `TeamID` (`TeamID`)
) ENGINE=InnoDB DEFAULT CHARSET=utf8mb4 COLLATE=utf8mb4_unicode_ci;

LOCK TABLES `Sportsman_Teams` WRITE;
/*!40000 ALTER TABLE `Sportsman_Teams` DISABLE KEYS */;

INSERT INTO `Sportsman_Teams` (`ID`, `SportsmanID`, `TeamID`)
VALUES
	(1,1,1),
	(2,2,1),
	(3,2,3),
	(4,2,4),
	(5,3,2),
	(6,3,3);

/*!40000 ALTER TABLE `Sportsman_Teams` ENABLE KEYS */;
UNLOCK TABLES;


# Dump of table Team
# ------------------------------------------------------------

DROP TABLE IF EXISTS `Team`;

CREATE TABLE `Team` (
  `ID` int(11) NOT NULL AUTO_INCREMENT,
  `ClassName` enum('SilverStripe\\SportTest\\Team','SilverStripe\\SportTest\\CricketTeam','SilverStripe\\SportTest\\RugbyTeam') COLLATE utf8mb4_unicode_ci DEFAULT 'SilverStripe\\SportTest\\Team',
  `LastEdited` datetime DEFAULT NULL,
  `Created` datetime DEFAULT NULL,
  `Name` varchar(255) COLLATE utf8mb4_unicode_ci DEFAULT NULL,
  `GameCode` mediumtext COLLATE utf8mb4_unicode_ci,
  `Season` mediumtext COLLATE utf8mb4_unicode_ci,
  `Type` mediumtext COLLATE utf8mb4_unicode_ci,
  `TeamColourID` int(11) NOT NULL DEFAULT '0',
  PRIMARY KEY (`ID`),
  KEY `ClassName` (`ClassName`),
  KEY `TeamColourID` (`TeamColourID`)
) ENGINE=InnoDB DEFAULT CHARSET=utf8mb4 COLLATE=utf8mb4_unicode_ci;

LOCK TABLES `Team` WRITE;
/*!40000 ALTER TABLE `Team` DISABLE KEYS */;

INSERT INTO `Team` (`ID`, `ClassName`, `LastEdited`, `Created`, `Name`, `GameCode`, `Season`, `Type`, `TeamColourID`)
VALUES
	(1,'SilverStripe\\SportTest\\CricketTeam','2021-04-18 03:32:34','2021-04-18 03:32:29','Black Caps','CricketTeam','Summer','National',2),
	(2,'SilverStripe\\SportTest\\RugbyTeam','2021-04-18 03:33:28','2021-04-18 03:33:28','Auckland Blues','RugbyTeam','Winter','Regional',1),
	(3,'SilverStripe\\SportTest\\RugbyTeam','2021-04-18 03:33:56','2021-04-18 03:33:56','All Blacks','RugbyTeam','Winter','National',2),
	(4,'SilverStripe\\SportTest\\RugbyTeam','2021-04-18 03:34:24','2021-04-18 03:34:24','Wellington Hurricanes','RugbyTeam','Winter','Regional',3);

/*!40000 ALTER TABLE `Team` ENABLE KEYS */;
UNLOCK TABLES;


# Dump of table TeamColour
# ------------------------------------------------------------

DROP TABLE IF EXISTS `TeamColour`;

CREATE TABLE `TeamColour` (
  `ID` int(11) NOT NULL AUTO_INCREMENT,
  `ClassName` enum('SilverStripe\\SportTest\\TeamColour') COLLATE utf8mb4_unicode_ci DEFAULT 'SilverStripe\\SportTest\\TeamColour',
  `LastEdited` datetime DEFAULT NULL,
  `Created` datetime DEFAULT NULL,
  `Colour` varchar(255) COLLATE utf8mb4_unicode_ci DEFAULT NULL,
  `Hexadecimal` mediumtext COLLATE utf8mb4_unicode_ci,
  PRIMARY KEY (`ID`),
  KEY `ClassName` (`ClassName`)
) ENGINE=InnoDB DEFAULT CHARSET=utf8mb4 COLLATE=utf8mb4_unicode_ci;

LOCK TABLES `TeamColour` WRITE;
/*!40000 ALTER TABLE `TeamColour` DISABLE KEYS */;

INSERT INTO `TeamColour` (`ID`, `ClassName`, `LastEdited`, `Created`, `Colour`, `Hexadecimal`)
VALUES
	(1,'SilverStripe\\SportTest\\TeamColour','2021-04-18 03:30:10','2021-04-18 03:30:10','Blue','#0000FF'),
	(2,'SilverStripe\\SportTest\\TeamColour','2021-04-18 03:30:31','2021-04-18 03:30:31','Black','#000000'),
	(3,'SilverStripe\\SportTest\\TeamColour','2021-04-18 03:30:56','2021-04-18 03:30:56','Yellow','#FFFF00');

/*!40000 ALTER TABLE `TeamColour` ENABLE KEYS */;
UNLOCK TABLES;


# Dump of table VirtualPage
# ------------------------------------------------------------

DROP TABLE IF EXISTS `VirtualPage`;

CREATE TABLE `VirtualPage` (
  `ID` int(11) NOT NULL AUTO_INCREMENT,
  `VersionID` int(11) NOT NULL DEFAULT '0',
  `CopyContentFromID` int(11) NOT NULL DEFAULT '0',
  PRIMARY KEY (`ID`),
  KEY `CopyContentFromID` (`CopyContentFromID`)
) ENGINE=InnoDB DEFAULT CHARSET=utf8mb4 COLLATE=utf8mb4_unicode_ci;



# Dump of table VirtualPage_Live
# ------------------------------------------------------------

DROP TABLE IF EXISTS `VirtualPage_Live`;

CREATE TABLE `VirtualPage_Live` (
  `ID` int(11) NOT NULL AUTO_INCREMENT,
  `VersionID` int(11) NOT NULL DEFAULT '0',
  `CopyContentFromID` int(11) NOT NULL DEFAULT '0',
  PRIMARY KEY (`ID`),
  KEY `CopyContentFromID` (`CopyContentFromID`)
) ENGINE=InnoDB DEFAULT CHARSET=utf8mb4 COLLATE=utf8mb4_unicode_ci;



# Dump of table VirtualPage_Versions
# ------------------------------------------------------------

DROP TABLE IF EXISTS `VirtualPage_Versions`;

CREATE TABLE `VirtualPage_Versions` (
  `ID` int(11) NOT NULL AUTO_INCREMENT,
  `RecordID` int(11) NOT NULL DEFAULT '0',
  `Version` int(11) NOT NULL DEFAULT '0',
  `VersionID` int(11) NOT NULL DEFAULT '0',
  `CopyContentFromID` int(11) NOT NULL DEFAULT '0',
  PRIMARY KEY (`ID`),
  UNIQUE KEY `RecordID_Version` (`RecordID`,`Version`),
  KEY `RecordID` (`RecordID`),
  KEY `Version` (`Version`),
  KEY `CopyContentFromID` (`CopyContentFromID`)
) ENGINE=InnoDB DEFAULT CHARSET=utf8mb4 COLLATE=utf8mb4_unicode_ci;




/*!40111 SET SQL_NOTES=@OLD_SQL_NOTES */;
/*!40101 SET SQL_MODE=@OLD_SQL_MODE */;
/*!40014 SET FOREIGN_KEY_CHECKS=@OLD_FOREIGN_KEY_CHECKS */;
/*!40101 SET CHARACTER_SET_CLIENT=@OLD_CHARACTER_SET_CLIENT */;
/*!40101 SET CHARACTER_SET_RESULTS=@OLD_CHARACTER_SET_RESULTS */;
/*!40101 SET COLLATION_CONNECTION=@OLD_COLLATION_CONNECTION */;
